Locality_ID,Locality_Name,City_name,dist_of_airport,dist_of_raily
51907,Bopal,Ahmedabad,102,15
56407,Ambli,Ahmedabad,226,5
66627,Naryanpura,Ahmedabad,250,76
51899,Changodar,Ahmedabad,209,23
50368,Shilaj,Ahmedabad,167,6
52600,Hathijan,Ahmedabad,96,92
59110,Tragad,Ahmedabad,239,92
52014,Memnagar,Ahmedabad,122,30
59388,Shela,Ahmedabad,51,77
53058,Gota,Ahmedabad,85,57
51322,Chandkheda,Ahmedabad,209,85
52279,Vatva,Ahmedabad,219,86
52216,Vastral,Ahmedabad,70,27
51962,Navrangpura,Ahmedabad,102,13
55547,Sola,Ahmedabad,59,51
52197,Nava Naroda,Ahmedabad,55,27
52032,Vejalpur,Ahmedabad,26,32
52592,Chanakyapuri,Ahmedabad,230,8
78931,Ghatlodia,Ahmedabad,138,18
52152,Ranip,Ahmedabad,24,44
58363,Lambha,Ahmedabad,187,90
51944,Satellite,Ahmedabad,94,28
51920,Ognaj,Ahmedabad,172,72
52272,Narolgam,Ahmedabad,28,50
105390,Chharodi,Ahmedabad,13,64
52097,Sanand,Ahmedabad,32,92
53055,New Maninagar,Ahmedabad,172,29
62505,Bhadaj,Ahmedabad,99,89
97939,Kasindra,Ahmedabad,195,8
50256,Near Vaishno Devi Circle On SG Highway,Ahmedabad,81,26
52150,Bavla,Ahmedabad,165,74
52522,Usman Pura,Ahmedabad,195,95
78917,Narol,Ahmedabad,214,99
173237,Devdholera,Ahmedabad,121,5
52100,Ellisbridge,Ahmedabad,246,13
52601,Amraiwadi,Ahmedabad,180,44
52169,Makarba,Ahmedabad,136,95
52606,Bapunagar,Ahmedabad,233,55
53028,Saraspur,Ahmedabad,130,24
51867,Vadsar,Ahmedabad,158,76
58393,Nirnay Nagar,Ahmedabad,209,18
51950,Sarkhej,Ahmedabad,130,14
52598,Adraj,Ahmedabad,209,75
52026,Hansol,Ahmedabad,189,67
51702,Thaltej,Ahmedabad,232,88
51773,Nikol,Ahmedabad,100,86
50295,Maninagar,Ahmedabad,55,12
51994,Vastrapur,Ahmedabad,69,26
55509,Aslali,Ahmedabad,89,68
51441,Jodhpur Village,Ahmedabad,67,43
52363,Ambavadi,Ahmedabad,182,90
52147,Nana Chiloda,Ahmedabad,242,65
52596,Santej,Ahmedabad,94,57
51894,Adalaj,Ahmedabad,37,7
52114,Gulbai Tekra,Ahmedabad,44,15
59111,Jagatpur,Ahmedabad,98,10
55531,Ghuma,Ahmedabad,164,93
51749,Bodakdev,Ahmedabad,212,33
51880,Paldi,Ahmedabad,71,74
58396,Parimal Garden,Ahmedabad,38,84
51932,Motera,Ahmedabad,25,20
52626,Mahadev Nagar,Ahmedabad,56,10
51952,Sanathal,Ahmedabad,250,30
52031,Manipur,Ahmedabad,113,44
51973,Prahlad Nagar,Ahmedabad,72,42
56384,Nava Vadaj,Ahmedabad,94,91
52599,Odhav,Ahmedabad,105,85
51906,Godhavi,Ahmedabad,31,29
51927,Vasna,Ahmedabad,19,7
52593,Near Nirma University On SG Highway,Ahmedabad,166,3
52690,Satlasana,Ahmedabad,30,35
52594,Sughad,Ahmedabad,49,2
72458,Chandlodiya,Ahmedabad,221,28
52038,Dholera,Ahmedabad,62,45
95953,Sabarmati,Ahmedabad,176,79
52277,Thol,Ahmedabad,150,56
75700,Rethal,Ahmedabad,79,11
52030,Bhat,Ahmedabad,75,83
63012,Moraiya,Ahmedabad,15,67
52194,Wadaj,Ahmedabad,22,36
105133,Khodiyar,Ahmedabad,74,4
52068,Chandlodia,Ahmedabad,209,90
61298,Dantali,Ahmedabad,162,25
51938,Shahibaug,Ahmedabad,58,36
78954,Shrinand Nagar,Ahmedabad,203,28
51888,Isanpur,Ahmedabad,179,100
59401,Jesangpura,Ahmedabad,51,95
58367,Naroda,Ahmedabad,70,19
52604,Juhapura,Ahmedabad,154,10
166584,Jethalaj,Ahmedabad,122,72
55517,Kathwara,Ahmedabad,118,50
52607,Gurukul,Ahmedabad,97,44
55530,Ghatlodiya,Ahmedabad,163,18
52558,Sachana,Ahmedabad,178,36
55532,Jodhpur,Ahmedabad,114,63
51887,Ghodsar,Ahmedabad,12,6
58392,New Ranip,Ahmedabad,161,10
52603,Bagodra,Ahmedabad,81,7
52743,Visalpur,Ahmedabad,15,8
53323,Shahpur,Ahmedabad,176,81
91282,Kasavanahalli,Bangalore,221,81
53148,JP Nagar Phase 3,Bangalore,145,50
51502,Kadugodi,Bangalore,93,71
50180,Thanisandra,Bangalore,51,42
57256,Kalkere,Bangalore,127,75
50183,Yeshwantpur,Bangalore,145,34
51078,Kengeri,Bangalore,10,57
70645,Singasandra,Bangalore,14,86
50186,Electronic City Phase 1,Bangalore,160,6
50172,Yelahanka,Bangalore,141,9
63868,Kannamangala,Bangalore,20,42
51451,Hosa Road,Bangalore,199,35
50167,Krishnarajapura,Bangalore,84,53
51143,Hoskote,Bangalore,92,30
51641,Sarjapur,Bangalore,33,27
51188,Gottigere,Bangalore,198,13
50174,Devanahalli,Bangalore,10,3
50161,Whitefield Hope Farm Junction,Bangalore,186,61
51087,Narayanapura on Hennur Main Road,Bangalore,183,16
53153,JP Nagar Phase 8,Bangalore,114,32
50359,Anekal City,Bangalore,65,16
50362,Jigani,Bangalore,81,6
52720,Adugodi,Bangalore,133,68
50338,Jakkur,Bangalore,182,81
52333,Kumbalgodu,Bangalore,53,13
50185,Begur,Bangalore,246,64
51077,Sahakar Nagar,Bangalore,220,73
50204,Uttarahalli,Bangalore,61,22
51219,Attibele,Bangalore,123,44
66192,Gunjur,Bangalore,223,58
51998,Varthur,Bangalore,146,34
51152,Chandapura,Bangalore,189,93
51160,Bommanahalli,Bangalore,36,24
63835,Hoodi,Bangalore,206,46
52351,Avalahalli Off Sarjapur Road,Bangalore,42,93
52298,Sarjapur Road Wipro To Railway Crossing,Bangalore,56,28
51129,Ramamurthy Nagar,Bangalore,113,58
50394,Jayanagar,Bangalore,185,16
52297,Sarjapur Road Post Railway Crossing,Bangalore,115,50
50271,RR Nagar,Bangalore,209,36
97946,Chikkanayakanahalli at Off Sarjapur,Bangalore,226,91
53149,JP Nagar Phase 4,Bangalore,168,8
51156,Nagarbhavi,Bangalore,180,46
50188,JP Nagar Phase 7,Bangalore,248,71
52718,Kodihalli on Old Airport Road,Bangalore,124,94
50177,Jalahalli,Bangalore,59,23
52771,Kogilu,Bangalore,23,67
51112,Kodigehalli,Bangalore,186,50
53154,JP Nagar Phase 9,Bangalore,211,68
53143,Subramanyapura,Bangalore,244,48
50369,Horamavu,Bangalore,133,48
51638,Vasanth Nagar,Bangalore,85,81
50176,Hennur,Bangalore,14,96
51126,Bilekahalli,Bangalore,84,21
50164,Marathahalli,Bangalore,207,67
77492,Annapurneshwari Nagar,Bangalore,182,26
53156,Talaghattapura,Bangalore,133,86
56697,Dasarahalli on Tumkur Road,Bangalore,11,75
50309,Marsur,Bangalore,39,3
50373,Nelamangala,Bangalore,27,65
52703,Hulimavu,Bangalore,240,5
52236,Kanakapura Road Beyond Nice Ring Road,Bangalore,119,32
52091,Jagadenahalli,Bangalore,220,74
51636,Vibhutipura,Bangalore,224,98
50175,Hebbal,Bangalore,121,68
50187,Hosur,Bangalore,208,26
50181,Malleswaram,Bangalore,59,88
51647,Bidadi,Bangalore,200,69
51453,Mahadevapura,Bangalore,89,100
51625,Vidyaranyapura,Bangalore,74,68
52697,Kannur on Thanisandra Main Road,Bangalore,201,99
60730,Electronics City,Bangalore,49,93
50184,Bannerghatta,Bangalore,41,86
51635,Harlur,Bangalore,99,49
53150,JP Nagar Phase 5,Bangalore,190,26
51448,Hesaraghatta,Bangalore,132,86
51503,Kalyan Nagar,Bangalore,43,100
52306,Jeevan Bima Nagar,Bangalore,82,69
53142,Kumaraswamy Layout,Bangalore,161,39
50270,Bellandur,Bangalore,110,60
51683,Harohalli,Bangalore,241,24
68601,Electronic City Phase 2,Bangalore,113,69
53111,Budigere Cross,Bangalore,164,46
50339,Vijayanagar,Bangalore,94,99
62803,Nayandahalli,Bangalore,234,50
52346,Narayanaghatta,Bangalore,178,56
89146,Tejaswini Nagar,Bangalore,98,10
53344,Sai Baba Ashram,Bangalore,184,98
51165,Basaveswarnagar,Bangalore,144,68
57272,Thubarahalli,Bangalore,69,35
50173,Doddaballapur,Bangalore,35,9
51097,Banaswadi,Bangalore,35,72
52692,Bagaluru Near Yelahanka,Bangalore,87,46
77620,Domlur Layout,Bangalore,197,38
51656,ITPL,Bangalore,192,60
83307,Jnana Ganga Nagar,Bangalore,69,90
50273,Frazer Town,Bangalore,122,73
83295,Jai Bheema Nagar,Bangalore,218,28
50317,Koramangala,Bangalore,157,60
50159,Ulsoor,Bangalore,16,16
51204,Anjanapura,Bangalore,60,15
50163,CV Raman Nagar,Bangalore,32,13
51510,RMV,Bangalore,54,93
50265,Banashankari,Bangalore,129,45
51181,Rajajinagar,Bangalore,189,75
52362,Volagerekallahalli,Bangalore,59,82
52296,Sarjapur Road Till Wipro,Bangalore,138,67
52713,Kurubarahalli on Magadi Road,Bangalore,46,65
51545,Bagalur,Bangalore,52,22
51769,Panathur,Bangalore,221,54
51501,Domlur,Bangalore,117,51
50387,HSR Layout,Bangalore,127,27
52335,Chamrajpet,Bangalore,35,69
77098,Bettadasanapura,Bangalore,21,78
51161,Murugesh Palya,Bangalore,70,65
50370,Basavanagudi,Bangalore,143,8
50160,Richmond Town,Bangalore,136,25
53155,Konanakunte,Bangalore,170,80
170295,T Hosahalli,Bangalore,239,35
171856,Anantapuram,Bangalore,219,57
83281,Munnekollal,Bangalore,11,53
66667,Junnasandra,Bangalore,224,50
50162,Indira Nagar,Bangalore,128,96
51499,Bommasandra,Bangalore,231,46
53146,JP Nagar Phase 1,Bangalore,208,82
52694,Kuvempu Layout on Hennur Main Road,Bangalore,96,28
51566,Nandi Hills,Bangalore,237,7
57318,Kothanur,Bangalore,202,95
50372,Nagawara,Bangalore,117,19
168998,Thirumalashettyhally,Bangalore,249,25
60795,BTM 2nd Stage,Bangalore,31,23
105865,Kvalasanahalli,Bangalore,165,81
165809,Shingapura,Bangalore,74,54
51455,Sadashiva Nagar,Bangalore,21,63
51508,Padmanabha Nagar,Bangalore,230,60
50169,Brookefield,Bangalore,58,70
52696,Anagalapura Near Hennur Main Road,Bangalore,87,20
77509,Chikka Tirupathi,Bangalore,210,100
51107,Hosahalli,Bangalore,37,60
91401,Kammmanhalli,Bangalore,207,85
51513,Shivaji Nagar,Bangalore,12,24
52695,Chikkagubbi on Hennur Main Road,Bangalore,225,16
56729,Lalbagh Road,Bangalore,147,68
50158,Cox Town,Bangalore,35,16
50347,Chikballapur,Bangalore,157,43
51113,Kudlu,Bangalore,56,38
68561,Kaggadasapura,Bangalore,113,19
50392,BTM Layout,Bangalore,38,89
57281,Abbigere,Bangalore,210,60
51447,Ramagondanahalli,Bangalore,180,27
104719,Vignana Kendra,Bangalore,250,65
51449,Doddanekundi,Bangalore,128,9
52361,Carmelaram,Bangalore,181,59
168586,Gattahalli,Bangalore,212,52
173188,Kada Agrahara,Bangalore,228,46
51512,Seshadripuram,Bangalore,66,66
50157,Ashok Nagar,Bangalore,77,4
53327,Anugondahalli,Bangalore,87,55
50179,Sanjaynagar,Bangalore,175,35
76268,Murugeshpalya,Bangalore,96,68
52715,Kanakapura,Bangalore,148,16
57247,Chintamani,Bangalore,46,41
61738,Rayasandra,Bangalore,137,38
78013,Parappana Agrahara,Bangalore,87,56
145662,Devarachikkana Halli,Bangalore,136,73
51459,Malur,Bangalore,197,33
159315,Sompura,Bangalore,93,49
87161,Halanayakanahalli,Bangalore,193,53
172833,Bychapura,Bangalore,94,28
103133,Chikkathoguru,Bangalore,110,28
50170,HBR Layout,Bangalore,52,51
172882,Boovanahalli,Bangalore,246,65
53152,Panduranga Nagar,Bangalore,51,60
53147,JP Nagar Phase 2,Bangalore,129,76
60309,Yadavanahalli,Bangalore,41,43
53151,JP Nagar Phase 6,Bangalore,194,75
86011,Arasinakunte,Bangalore,228,19
53325,Sudhama Nagar,Bangalore,164,30
62519,Mico Layout,Bangalore,40,99
54337,Whitefield,Bangalore,93,89
120334,Yelachanayakanapura,Bangalore,103,32
168228,Margondanahalli,Bangalore,190,8
169536,Thammanayakanahalli,Bangalore,45,38
57366,Ittangur,Bangalore,179,91
83521,Kambipura,Bangalore,208,26
75006,Yelahanka New Town,Bangalore,120,50
51092,Lingarajpuram,Bangalore,180,57
167751,Beedaganahalli,Bangalore,162,35
70749,Basapura,Bangalore,125,26
83421,Bileshivale,Bangalore,71,52
168788,Bettahalli,Bangalore,170,20
66668,Kaikondrahalli,Bangalore,212,52
57395,Chikkalasandra,Bangalore,20,66
73196,Off Mysore Road,Bangalore,83,53
51468,Wilson Garden,Bangalore,217,29
54333,Rahat Bagh,Bangalore,234,2
59114,Budigere,Bangalore,71,99
51504,Kammanahalli,Bangalore,85,35
51637,Begur Road,Bangalore,146,63
57347,Tumkur Road,Bangalore,222,56
52801,Sunkadakatte,Bangalore,86,93
50178,RT Nager,Bangalore,187,32
52710,Near Peenya Industrial Area,Bangalore,137,45
98238,Bagalakunte,Bangalore,213,11
50274,Ganga Nagar,Bangalore,25,60
57251,Geddalahalli,Bangalore,77,81
59363,Battarahalli,Bangalore,56,25
104294,Dasarahalli,Bangalore,148,8
76403,Doddakallasandra,Bangalore,250,58
83174,5th Phase JP Nagar,Bangalore,44,40
57423,V V Puram,Bangalore,147,10
56681,Nagavara,Bangalore,235,76
83680,Varsova Layout,Bangalore,229,15
51377,Kasturi Nagar,Bangalore,245,48
57397,Devanachicknhalli,Bangalore,169,68
62810,Bangalore,Bangalore,193,18
168490,Kaggalahalli,Bangalore,156,63
77126,Kanathur Reddikuppam,Chennai,92,43
51626,Thirumazhisai,Chennai,33,86
50300,Poonamallee,Chennai,197,6
64426,Mahindra World City,Chennai,16,28
75084,Kandigai,Chennai,23,25
51557,Manapakkam,Chennai,65,41
50314,Mogappair,Chennai,116,61
51831,Pammal,Chennai,138,2
50298,Kundrathur,Chennai,55,24
51229,West Tambaram,Chennai,112,17
51679,Ayanambakkam,Chennai,128,96
50192,Sriperumbudur,Chennai,59,17
50288,Medavakkam,Chennai,21,94
50307,Sholinganallur,Chennai,207,59
51076,Ambattur,Chennai,72,74
51757,Vengaivasal,Chennai,19,58
52316,Padur,Chennai,150,41
51579,Tiruvottiyur,Chennai,61,17
50352,Navallur,Chennai,158,28
51848,Puzhal,Chennai,46,55
51280,Thoraipakkam OMR,Chennai,159,9
51491,Kattupakkam,Chennai,50,59
87388,Tambaram Sanatoruim,Chennai,144,61
51532,Siruseri,Chennai,216,66
52056,Karapakkam,Chennai,149,32
52107,Moolacheri,Chennai,68,82
51142,Madipakkam,Chennai,73,46
51151,Perumbakkam,Chennai,136,3
50403,Kelambakkam,Chennai,237,82
50308,Mugalivakkam,Chennai,38,3
51474,Saligramam,Chennai,197,38
55747,Gerugambakkam,Chennai,64,99
51232,Kolapakkam,Chennai,230,72
51578,Perungalathur,Chennai,240,31
164321,Thirunindravur,Chennai,112,27
57876,Ponmar,Chennai,143,2
52063,Ashok Nagar,Chennai,103,39
75983,Ottiyambakkam,Chennai,101,87
51546,Koyambedu,Chennai,148,43
52055,Thirumudivakkam,Chennai,139,87
97290,Pudupakkam,Chennai,89,25
51183,Korattur,Chennai,68,43
51680,Besant Nagar,Chennai,220,95
51627,Perungudi,Chennai,232,69
50346,Porur,Chennai,83,25
51155,Nanganallur,Chennai,170,91
50311,Thiruvanmiyur,Chennai,123,84
51326,Vandalur,Chennai,66,3
62042,Pozhichalur,Chennai,60,11
51668,Madambakkam,Chennai,227,30
50420,Avadi,Chennai,45,21
50379,Anna Nagar,Chennai,151,89
87066,East Tambaram,Chennai,42,55
51540,Nungambakkam,Chennai,106,10
55798,Kattankulathur,Chennai,129,31
52047,Selaiyur,Chennai,154,82
50193,Oragadam,Chennai,236,92
50349,Pallavaram,Chennai,217,13
50291,Thirumullaivoyal,Chennai,199,20
51485,Iyappanthangal,Chennai,72,6
50286,Chromepet,Chennai,50,66
51854,Gowrivakkam,Chennai,208,59
50315,Kolathur,Chennai,143,88
51150,Kovilambakkam,Chennai,130,77
51438,Valasaravakkam,Chennai,136,75
50303,Anakaputhur,Chennai,216,81
51704,Agaramthen,Chennai,194,2
51869,Guindy,Chennai,92,49
54826,Sembakkam,Chennai,166,94
51253,Kotturpuram,Chennai,249,11
51355,Vadapalani,Chennai,65,69
51677,Thalambur,Chennai,218,8
52329,Tiruporur Near Kelambakkam,Chennai,141,72
51788,Sithalapakkam,Chennai,174,80
51223,Padappai,Chennai,244,6
51260,Tiruvallur,Chennai,72,25
50306,Velachery,Chennai,59,52
71344,Thaiyur,Chennai,100,71
51571,Singaperumal Koil,Chennai,101,27
51551,Kanchipuram,Chennai,47,39
51828,Alandur,Chennai,250,43
52059,Camp,Chennai,194,2
51380,Guduvancheri,Chennai,130,18
51274,K K Nagar,Chennai,237,70
51561,Saidapet,Chennai,208,49
50310,Pallikaranai,Chennai,172,75
50336,Nallambakkam,Chennai,131,98
54780,Keelkattalai,Chennai,223,31
52041,Injambakkam,Chennai,198,88
104490,Ragavendra Colony,Chennai,103,78
51538,Thiruvidandhai,Chennai,181,46
58059,Maduravoyal,Chennai,206,79
169464,Adambakkam,Chennai,126,34
51667,Mannivakkam,Chennai,106,12
51543,Madhavaram,Chennai,35,72
51276,Chengalpattu,Chennai,235,16
54787,Kovur,Chennai,238,57
51189,Maraimalai Nagar,Chennai,224,51
54853,Veppampattu,Chennai,163,67
54822,Rajakilpakkam,Chennai,80,99
51248,Adyar,Chennai,126,87
51684,Kodambakkam,Chennai,95,26
51574,Mudichur,Chennai,200,100
51841,Raja Annamalai Puram,Chennai,131,72
165554,Rattinamangalam,Chennai,75,81
51675,Kilpauk,Chennai,73,100
51673,Royapettah,Chennai,98,57
51237,Egmore,Chennai,27,6
52501,Nandambakkam,Chennai,235,59
51891,Nandanam,Chennai,62,58
57893,Vadaperumbakkam,Chennai,156,20
51381,Potheri,Chennai,28,31
110017,Kalikunram,Chennai,154,37
51697,Choolaimedu,Chennai,86,22
51832,Padi,Chennai,137,30
52123,Mangadu,Chennai,78,20
51671,Mevalurkuppam,Chennai,127,57
51349,Thiruverkadu,Chennai,163,9
52061,Vanagaram,Chennai,112,14
51751,Abiramapuram,Chennai,171,8
51104,Perambur,Chennai,67,53
51760,Egattur,Chennai,202,72
51618,T Nagar,Chennai,184,46
57859,Kallikuppam,Chennai,169,97
142154,Mambakkam,Chennai,115,92
61724,Kuthambakkam,Chennai,85,95
51140,Alwarpet,Chennai,146,11
55975,Valarpuram,Chennai,25,22
51515,Palavakkam,Chennai,13,49
50312,Urapakkam,Chennai,44,80
52276,Neelankarai,Chennai,200,36
51743,Tondiarpet,Chennai,176,26
52051,Chitlapakkam,Chennai,132,45
51686,Purasaiwakkam,Chennai,101,46
52002,West Mambalam,Chennai,34,22
52066,Moolakadai,Chennai,171,45
64694,Mappedu,Chennai,53,19
51669,Ramapuram,Chennai,43,39
52706,Thirukkazhukundram,Chennai,221,73
58048,Ayapakkam,Chennai,67,73
65882,S Kolathur,Chennai,73,9
51327,Villivakkam,Chennai,130,23
51325,Thirumalpur,Chennai,170,96
51230,Uthandi,Chennai,193,51
51304,Ponneri,Chennai,16,79
168494,Nedunkundram,Chennai,30,14
51685,Mahabalipuram,Chennai,226,34
51300,Virugambakkam,Chennai,55,31
51876,Teynampet,Chennai,19,64
51852,Aminjikarai,Chennai,37,74
54768,Jalladianpettai,Chennai,28,9
171755,Soranjeri,Chennai,135,29
51580,Mylapore,Chennai,194,72
165555,Kumuzhi R F,Chennai,100,81
58058,Madanandapuram,Chennai,72,3
64090,Anna Nagar West Extension,Chennai,117,72
58042,Velappanchavadi,Chennai,113,98
58018,Sevvapet,Chennai,147,49
58002,R A Puram,Chennai,182,43
97284,Kil Ayanambakkam,Chennai,112,53
52680,Muttukadu,Chennai,23,62
80147,Rajiv Nagar,Chennai,115,41
57951,Lakshmi Nagar,Chennai,43,5
58051,Cholavaram,Chennai,128,10
52660,Nayur,Chennai,178,54
159170,Thiruporur,Chennai,188,76
52511,Arakkonam,Chennai,205,22
51763,Ayanavaram,Chennai,233,24
52514,Manali,Chennai,155,45
105767,Mahindra World City,Chennai,41,62
57829,P H Road,Chennai,192,72
80010,Kulattur,Chennai,219,34
92948,Vadanemmeli,Chennai,180,98
51535,Arumbakkam,Chennai,136,71
110344,Jain Nagar,Chennai,42,43
54696,GKM Colony,Chennai,179,53
51548,Kilkattalai,Chennai,238,27
65911,tambaram west,Chennai,104,82
80180,NGO Colony,Chennai,232,63
58055,Iyyappanthangal,Chennai,78,59
51818,Mehrauli,Delhi,109,21
90618,Sector 28 Rohini,Delhi,127,42
84318,Sector 13 Rohini,Delhi,150,84
51808,Paschim Vihar,Delhi,155,47
51883,Sector 2 Dwarka,Delhi,111,100
60662,Ghitorni,Delhi,41,27
70870,vikaspuri,Delhi,49,26
51794,Sector 7 Dwarka,Delhi,119,35
52577,Sector 16B Dwarka,Delhi,186,69
53334,Vasant Kunj,Delhi,39,64
51805,Sheikh Sarai,Delhi,156,48
51796,Sector 12 Dwarka,Delhi,65,32
53819,Sarita Vihar,Delhi,108,78
53612,Pitampura,Delhi,172,75
84299,Sector 9 Rohini,Delhi,236,72
51813,South Extension 2,Delhi,90,88
51815,Kalkaji,Delhi,56,32
51821,Patparganj,Delhi,81,37
51811,Janakpuri,Delhi,206,55
53770,Jasola,Delhi,198,2
164319,Sector 8 Dwarka,Delhi,32,72
87269,Sector 1 Dwarka,Delhi,115,34
53355,Karampura,Delhi,95,24
53869,New Ashok Nagar,Delhi,196,56
53656,Gautam Nagar,Delhi,167,10
51595,Sector 4 Dwarka,Delhi,60,42
50196,Greater Kailash,Delhi,66,54
51801,Vasundhara Enclave,Delhi,225,88
84346,Dwarka Mor,Delhi,227,46
51820,Jaunapur,Delhi,89,88
51195,Uttam Nagar,Delhi,65,13
84546,Sector-14 Rohini,Delhi,96,99
53798,Neb Sarai,Delhi,134,96
51747,Safdarjung Enclave,Delhi,96,62
52576,Sector 10 Dwarka,Delhi,133,2
56993,Palam,Delhi,101,14
51799,Sector 22 Dwarka,Delhi,14,7
51793,Sector 6 Dwarka,Delhi,14,35
84321,Sector 17 Dwarka,Delhi,208,60
51798,Sector 19 Dwarka,Delhi,66,26
51792,Sector 5 Dwarka,Delhi,206,93
52908,Sector 11 Dwarka,Delhi,234,18
51797,Sector 13 Dwarka,Delhi,162,71
51795,Sector 9 Dwarka,Delhi,234,92
51791,Sector 3 Dwarka,Delhi,204,59
75604,Sector 18A Dwarka,Delhi,124,64
51816,Munirka,Delhi,186,98
97002,Sector 22 Rohini,Delhi,73,59
51802,IP Extension,Delhi,120,89
70595,greater kailash Enclave 1,Delhi,157,18
51812,Okhla,Delhi,79,58
51800,Shanti Park Dwarka,Delhi,206,95
56759,Sector 15 Dwarka,Delhi,88,95
51817,Chattarpur,Delhi,66,9
51790,Sector 23 Dwarka,Delhi,106,54
51193,Sector 24 Rohini,Delhi,65,16
52575,Burari,Delhi,97,58
53287,Sector 14 Dwarka,Delhi,182,33
51809,Vikas Puri,Delhi,231,97
56991,Mahavir Enclave,Delhi,50,84
65997,Sector 18B Dwarka,Delhi,62,20
53415,Karol Bagh,Delhi,97,62
51803,Shahdara,Delhi,144,78
51819,Kapashera,Delhi,183,4
56944,Mandakini Enclave,Delhi,197,99
53840,Vasant Vihar,Delhi,78,33
53757,East of Kailash,Delhi,157,18
53825,Shalimar Bagh,Delhi,43,27
53128,Connaught Place,Delhi,230,43
62608,Delhi,Delhi,228,53
53816,Saket,Delhi,197,97
72011,Nawada,Delhi,241,47
171850,Sector 29 Rohini,Delhi,121,80
164320,Sector 14 Rohini,Delhi,107,40
53377,Zone L Dwarka,Delhi,137,62
53354,Punjabi Bagh,Delhi,201,76
75963,Matiala,Delhi,205,15
53732,Alaknanda,Delhi,54,17
53459,Chhawla,Delhi,155,9
84742,Sector-8 Dwarka,Delhi,233,66
84671,Sector-D Vasant Kunj,Delhi,91,96
53129,Sector 21 Dwarka,Delhi,114,44
51254,Model Town,Delhi,205,36
103915,Sector 4 Rohini,Delhi,74,86
51807,Ashok Nagar,Delhi,63,77
52574,Shadipur,Delhi,69,89
51651,Civil Lines,Delhi,21,77
165634,Ajmeri Gate,Delhi,30,8
71290,SULTANPUR,Delhi,121,28
84881,Sector-B Vasant Kunj,Delhi,207,95
74890,Rohini Sector 9,Delhi,225,93
53357,Moti Bagh,Delhi,161,8
103897,Sector 11 Rohini,Delhi,172,57
161294,Sector 16 Rohini,Delhi,136,27
51806,Rajouri Garden,Delhi,250,86
62698,Matiala,Delhi,131,94
61093,Mukherjee Nagar,Delhi,208,86
62580,Sector 23B Dwarka,Delhi,37,89
74830,Mansa Ram Park,Delhi,183,31
65941,mayur vihar phase 1,Delhi,181,96
53865,Mayur Vihar II,Delhi,224,52
51814,Hauz Khas,Delhi,200,18
51360,Mayur Vihar,Delhi,147,83
53620,Mandi,Delhi,71,31
86719,Sector 28 Dwarka,Delhi,19,95
53776,Katwaria Sarai,Delhi,166,68
53815,Sainik Farm,Delhi,159,2
51804,Patel Nagar,Delhi,229,64
56161,Lajpat Nagar II,Delhi,33,49
53791,Malviya Nagar,Delhi,247,12
60881,DLF Ankur Vihar,Delhi,154,3
53783,Lajpat Nagar,Delhi,163,75
53918,Rajinder Nagar,Delhi,103,72
56164,Greater Kailash II,Delhi,110,85
59032,Dwarka More,Delhi,200,97
97710,Aya Nagar,Delhi,87,83
53927,Vishnu Garden,Delhi,145,55
53787,Maharani Bagh,Delhi,42,8
56896,Mangolpuri,Delhi,173,69
53788,Mahipalpur,Delhi,169,44
60146,Sector 26 Dwarka,Delhi,210,33
110247,Shanti Nagar,Delhi,144,49
109372,Mohammadpur Majri,Delhi,189,54
56971,Mundka,Delhi,44,92
53926,Tilak Nagar,Delhi,216,42
94909,Kollur,Hyderabad,178,64
55049,Isnapur,Hyderabad,73,9
51918,Saroor Nagar,Hyderabad,9,19
51989,Serilingampally,Hyderabad,43,11
52099,Kismatpur,Hyderabad,202,63
52425,Dammaiguda,Hyderabad,96,20
66158,Kondakal,Hyderabad,223,18
52132,Yapral,Hyderabad,93,4
95429,Sultanpur,Hyderabad,108,15
51655,Maheshwaram,Hyderabad,83,74
51897,Shamirpet,Hyderabad,64,90
55474,Sangareddy,Hyderabad,199,49
55018,Gandipet,Hyderabad,245,27
89459,Kokapet,Hyderabad,168,71
51937,Bandlaguda Jagir,Hyderabad,93,57
51652,Bowrampet,Hyderabad,208,31
50400,Bachupally,Hyderabad,172,36
51748,Madhapur,Hyderabad,153,83
51943,Manikonda,Hyderabad,144,68
162763,Rameswaram Banda,Hyderabad,52,44
52053,Saidabad,Hyderabad,250,28
57647,Sadashivpet,Hyderabad,50,79
57595,Mallampet,Hyderabad,171,92
51981,Bahadurpally,Hyderabad,29,60
51977,Pocharam,Hyderabad,209,87
51541,Nizampet,Hyderabad,188,47
167161,Harshaguda,Hyderabad,124,31
51200,Narsingi,Hyderabad,236,37
51562,Kompally,Hyderabad,88,40
59842,Gagillapur,Hyderabad,37,72
51954,Begumpet,Hyderabad,205,37
52135,Mallapur,Hyderabad,28,22
52138,Shaikpet,Hyderabad,208,66
60633,Nallagandla Gachibowli,Hyderabad,84,33
55044,Hyder Nagar,Hyderabad,18,81
50389,Sainikpuri,Hyderabad,81,7
171149,Kandwada,Hyderabad,136,100
104160,Manchirevula,Hyderabad,237,83
52122,Tellapur,Hyderabad,176,93
98243,Sheriguda,Hyderabad,192,49
170481,Mamidipally,Hyderabad,82,88
50376,Kukatpally,Hyderabad,112,3
57721,Jeedimetla,Hyderabad,221,45
51633,Shamshabad,Hyderabad,205,13
95642,Pragathi Nagar Kukatpally,Hyderabad,242,83
95847,Ramachandrapuram,Hyderabad,39,25
50393,Miyapur,Hyderabad,102,99
51354,Mokila,Hyderabad,164,6
52190,Patancheru,Hyderabad,222,14
52077,Hitech City,Hyderabad,76,43
52078,Rajendra Nagar,Hyderabad,161,57
52569,Kowkur,Hyderabad,121,82
51879,Hayathnagar,Hyderabad,90,77
168612,Turkayamjal,Hyderabad,85,91
51974,Kothapet,Hyderabad,84,34
51964,Alwal,Hyderabad,65,51
57686,Tukkuguda,Hyderabad,82,68
162903,Nandiwanaparthy,Hyderabad,211,27
51963,Nanakramguda,Hyderabad,160,74
51526,Shadnagar,Hyderabad,135,18
51242,Kondapur,Hyderabad,38,82
168118,Mirkhanpet,Hyderabad,173,64
167972,Patighanpur,Hyderabad,54,98
52080,Nagaram,Hyderabad,241,35
51235,Kadthal,Hyderabad,232,48
169080,Nandikandi,Hyderabad,69,18
52154,Nagole,Hyderabad,51,54
65647,Yadagirigutta,Hyderabad,90,99
170506,Chegunta,Hyderabad,248,52
53169,Chevella,Hyderabad,147,71
51975,Uppal Kalan,Hyderabad,160,34
51240,Attapur,Hyderabad,37,14
52727,Komshetpalle,Hyderabad,215,5
162885,Gundlapochampally,Hyderabad,97,5
51824,Nadergul,Hyderabad,147,58
52280,Shankarpalli,Hyderabad,101,48
51928,Moosapet,Hyderabad,147,95
50375,Gachibowli,Hyderabad,108,58
52405,Medchal,Hyderabad,12,31
55171,Patancheru Mandal,Hyderabad,42,8
52136,Puppalaguda,Hyderabad,39,41
51995,Vanasthalipuram,Hyderabad,38,85
52027,Hafeezpet,Hyderabad,89,87
51914,Chandanagar,Hyderabad,204,59
60634,Gopanpally,Hyderabad,43,40
53034,LB Nagar,Hyderabad,220,35
51628,Banjara Hills,Hyderabad,52,78
51933,Mehdipatnam,Hyderabad,91,69
51929,West Marredpally,Hyderabad,35,62
52088,Moti Nagar,Hyderabad,111,86
51238,Jubilee Hills,Hyderabad,210,38
169079,Velmala,Hyderabad,174,100
52423,Bongloor,Hyderabad,146,20
51958,Amberpet,Hyderabad,231,10
78226,Chengicherla,Hyderabad,129,45
52092,Appa Junction Peerancheru,Hyderabad,246,19
71430,Chinthal,Hyderabad,62,72
52726,Cheeriyal,Hyderabad,108,34
91483,Osman Nagar,Hyderabad,19,22
88053,AS Rao Nagar,Hyderabad,170,87
52372,Bhuvanagiri,Hyderabad,247,69
52016,Ghatkesar,Hyderabad,55,27
162884,Nandigam,Hyderabad,211,94
52052,Kothur,Hyderabad,114,55
57491,Balanagar,Hyderabad,221,66
90937,Gowdavalli,Hyderabad,221,57
51930,East Marredpally,Hyderabad,134,62
90244,Manneguda,Hyderabad,32,55
51175,Dundigal,Hyderabad,175,79
91080,Pocharam Near Muthangi,Hyderabad,111,95
164084,Alair,Hyderabad,41,44
62393,Taramatipet,Hyderabad,8,47
52126,Bibinagar,Hyderabad,235,34
52420,Nandigama,Hyderabad,216,50
52798,Balapur,Hyderabad,189,27
165537,Jangaon,Hyderabad,121,51
96931,Gandi Maisamma,Hyderabad,29,6
96120,Indresham,Hyderabad,237,64
55212,Rudraram,Hyderabad,122,59
57453,Turkapally,Hyderabad,23,67
75555,Ankushapur,Hyderabad,52,19
60635,Adibatla,Hyderabad,26,88
61697,Kongara Kalan,Hyderabad,149,60
51971,Somajiguda,Hyderabad,187,37
55424,Kandukur,Hyderabad,144,37
51957,Ameerpet,Hyderabad,202,80
168382,Peddapur,Hyderabad,112,45
52145,Habsiguda,Hyderabad,163,11
169087,Bandaraviryal,Hyderabad,188,4
168225,Yacharam,Hyderabad,66,80
52015,Film Nagar,Hyderabad,106,93
86403,Ameenpur,Hyderabad,200,20
67752,Gajulramaram Kukatpally,Hyderabad,166,2
52816,Thumkunta,Hyderabad,208,74
89223,Krishna Reddy Pet,Hyderabad,28,50
50269,Sanath Nagar,Hyderabad,84,38
59819,Toli Chowki,Hyderabad,35,72
168731,Madgul,Hyderabad,166,48
55456,Mansanpally,Hyderabad,106,36
59869,Bhanur,Hyderabad,217,82
59845,Meerpet,Hyderabad,191,14
55490,Thimmapur,Hyderabad,235,77
51780,Bolarum,Hyderabad,69,86
70242,Ibrahimpatnam,Hyderabad,68,73
159168,Bacharam,Hyderabad,10,58
60248,Aushapur,Hyderabad,69,11
73921,Wangapalli,Hyderabad,205,75
86402,Kistareddypet,Hyderabad,177,6
52144,Nallakunta,Hyderabad,226,95
55005,Erragadda,Hyderabad,164,64
86437,Matrusri Nagar,Hyderabad,213,30
57460,Zaheerabad,Hyderabad,65,73
51972,Bowenpally,Hyderabad,25,38
59482,Mangalpally,Hyderabad,46,39
55059,Kapra,Hyderabad,23,2
51878,Kushaiguda,Hyderabad,95,66
51953,Kachiguda,Hyderabad,238,83
162908,Burgula,Hyderabad,16,91
55245,Suraram,Hyderabad,177,75
72241,Choutuppal,Hyderabad,112,37
57787,Uppal,Hyderabad,40,11
51946,Tarnaka,Hyderabad,50,12
85751,Adikmet,Hyderabad,224,64
52125,Boduppal,Hyderabad,241,14
52113,Nacharam,Hyderabad,196,75
74748,Peerzadiguda,Hyderabad,41,71
79378,Hakimpet,Hyderabad,8,58
57535,Gatkeshwar,Hyderabad,115,23
52910,Malkajgiri,Hyderabad,157,22
52090,Sri Nagar Colony,Hyderabad,94,92
57503,Bogaram,Hyderabad,60,11
55387,Amangal,Hyderabad,39,68
55179,Pragathi Nagar,Hyderabad,182,34
52060,Masab Tank,Hyderabad,147,16
110490,Bajpayee Nagar,Hyderabad,31,10
168894,Datharpally,Hyderabad,186,34
52120,Appa Junction,Hyderabad,193,73
51911,Quthbullapur,Hyderabad,184,67
51942,Padmarao Nagar,Hyderabad,8,92
51947,Lakdikapul,Hyderabad,183,46
57467,Alkapur,Hyderabad,76,68
110336,Upparguda,Hyderabad,64,44
110482,BHEL Employees Co operative Housing Society,Hyderabad,113,96
51941,Yousufguda,Hyderabad,225,26
109518,Ramalingeswara Colony,Hyderabad,97,99
110232,RBI Colony,Hyderabad,187,14
51882,Ramanthapur,Hyderabad,102,44
52643,Auto Nagar,Hyderabad,105,82
51940,Himayat Nagar,Hyderabad,139,100
54913,Attapur Ring Road,Hyderabad,96,27
52000,Hyderguda,Hyderabad,197,74
109427,Mahesh Nagar,Hyderabad,155,41
104058,Kurmaguda,Hyderabad,59,44
54904,Aminpur,Hyderabad,177,69
51951,Malakpet,Hyderabad,92,42
165559,Desh Mukhi,Hyderabad,248,45
109417,Old Bhoiguda,Hyderabad,32,69
51632,Moinabad,Hyderabad,33,86
56013,Siddipet,Hyderabad,200,58
110278,Sitaram Nagar,Hyderabad,49,26
85540,Kanchan Bagh,Hyderabad,242,2
168685,Neknampur,Hyderabad,216,32
109259,Sri Rama Nagar,Hyderabad,40,16
109133,Geetha Nagar,Hyderabad,44,31
55088,Linghampally,Hyderabad,110,60
109047,Satya Nagar Colony,Hyderabad,245,28
55223,Santoshnagar,Hyderabad,171,61
109307,Gandhinagar Colony,Hyderabad,206,25
163140,Muraharipally,Hyderabad,130,40
52193,Moula Ali,Hyderabad,222,85
57579,Kothaguda,Hyderabad,104,53
52572,Pochampally,Hyderabad,104,85
109610,NTR Nagar,Hyderabad,57,3
57575,Khazaguda,Hyderabad,103,29
57600,Medipally,Hyderabad,250,20
54957,Bundalguda,Hyderabad,46,39
79443,Shirdi Sai Nagar,Hyderabad,158,37
51090,Kavadiguda,Hyderabad,51,12
52013,Abids,Hyderabad,53,81
57680,Telephone colony,Hyderabad,22,84
57590,Madinaguda,Hyderabad,172,56
55266,Upparpally,Hyderabad,63,51
57663,Shanti Nagar,Hyderabad,59,100
57505,Brindavan Colony,Hyderabad,34,49
168986,Chilkamarri,Hyderabad,179,71
57440,Mucherla,Hyderabad,42,40
170594,Gowraipally,Hyderabad,236,90
55084,Lemoor,Hyderabad,95,96
169827,Shabad,Hyderabad,38,5
52115,Rampally,Hyderabad,42,17
162266,Peda Kaparathi,Hyderabad,147,8
110309,Sri Ramanapuram,Hyderabad,136,76
109132,New Dilshukh Nagar,Hyderabad,195,71
52384,Serampore,Kolkata,69,54
51323,New Town,Kolkata,225,93
70010,Rajarhat,Kolkata,208,73
50366,Barasat,Kolkata,191,85
58225,Cossipore,Kolkata,184,34
54495,Picnic Garden,Kolkata,175,63
59138,Mankundu,Kolkata,86,67
106198,Chowhati,Kolkata,233,88
52043,Barrackpore,Kolkata,97,100
54639,Maheshtala,Kolkata,155,25
51850,Tollygunge,Kolkata,187,77
51068,Joka,Kolkata,147,94
50374,Garia,Kolkata,205,77
51984,Lake Town,Kolkata,88,94
52057,Madhyamgram,Kolkata,201,85
51439,Kasba,Kolkata,213,68
52111,Konnagar,Kolkata,246,66
50345,Dum Dum,Kolkata,241,94
54579,Amtala,Kolkata,204,71
52327,Bhawanipur,Kolkata,115,23
50384,Howrah,Kolkata,13,31
51978,Tangra,Kolkata,47,6
52044,Bishnupur,Kolkata,13,89
51605,Nayabad,Kolkata,173,66
51604,Baruipur,Kolkata,68,12
51948,Keshtopur,Kolkata,186,28
52195,Dakshineswar,Kolkata,126,27
51187,Sonarpur,Kolkata,241,85
52079,Haltu,Kolkata,211,27
50402,Narendrapur,Kolkata,19,3
51922,Kaikhali,Kolkata,229,67
58267,Budge Budge,Kolkata,27,20
51855,Baguihati,Kolkata,174,93
51823,Mukundapur,Kolkata,169,95
51976,Rishra,Kolkata,41,21
79780,Panchpota,Kolkata,103,21
165544,Malancha Mahi Nagar,Kolkata,131,88
52134,Thakurpukur,Kolkata,120,23
51924,Belghoria,Kolkata,48,63
50385,Behala,Kolkata,182,14
168208,Purba Barisha,Kolkata,113,57
51843,Kalighat,Kolkata,134,10
52110,Uttarpara Kotrung,Kolkata,55,40
52011,Baranagar,Kolkata,109,100
52109,Bansdroni,Kolkata,184,66
51348,Alipore,Kolkata,229,90
54398,Phool Bagan,Kolkata,149,74
76222,Mominpore,Kolkata,56,18
50283,Ballygunge,Kolkata,124,32
51901,Sodepur,Kolkata,101,62
52535,Uttar Gauripur,Kolkata,107,45
52554,Raypur,Kolkata,40,71
52112,Bata Nagar,Kolkata,90,73
103888,Purba Putiary,Kolkata,91,99
54485,New Alipore,Kolkata,134,37
51861,Beliaghata,Kolkata,188,46
53394,Kamarhati on BT Road,Kolkata,104,56
54581,Bally,Kolkata,35,31
52201,Baidyabati,Kolkata,219,24
59137,Chandannagar,Kolkata,244,98
51983,Gariahat,Kolkata,90,5
52639,Dankuni,Kolkata,207,90
51581,Salt Lake City,Kolkata,194,27
169985,Sankharipota,Kolkata,178,82
53420,Patuli,Kolkata,93,6
51853,Madurdaha Hussainpur,Kolkata,93,63
104330,Dakshin Gobindopur,Kolkata,153,60
58221,Chinar Park,Kolkata,242,66
51765,Topsia,Kolkata,17,33
51306,Kankurgachi,Kolkata,170,86
51844,Jadavpur,Kolkata,150,53
51986,Elgin,Kolkata,21,60
52108,Santoshpur,Kolkata,162,56
152007,Madurdaha Near Ruby Hospital On EM Bypass,Kolkata,29,61
51956,Ultadanga,Kolkata,226,57
53270,Bonhooghly on BT Road,Kolkata,85,87
52130,Boral,Kolkata,133,37
53243,Bramhapur,Kolkata,30,37
93151,East Kolkata Township,Kolkata,190,19
52533,Dhapa,Kolkata,176,45
51862,Sealdah,Kolkata,78,99
58240,Nager Bazar,Kolkata,219,21
52025,Jorabagan,Kolkata,189,72
58229,Dum Dum Park,Kolkata,235,96
52424,Shyamnagar,Kolkata,191,12
164063,Bhangar,Kolkata,187,63
53683,Tiljala,Kolkata,80,8
52564,Metiabruz,Kolkata,190,82
98988,Barisha Purba Para Road,Kolkata,35,32
52076,Dunlop,Kolkata,49,50
54469,Jodhpur Park,Kolkata,17,22
79571,Hussainpur,Kolkata,175,8
58291,Khidirpur,Kolkata,35,94
52398,Taltala,Kolkata,238,95
52103,Netaji Nagar,Kolkata,57,47
79791,Narayantala,Kolkata,235,68
71712,Bhowanipore,Kolkata,43,87
60200,Kabardanga,Kolkata,37,7
66181,south dum dum,Kolkata,12,45
58219,Belgachia,Kolkata,174,19
58220,Birati,Kolkata,92,85
78061,Nepalgange,Kolkata,93,54
54629,Kalyani,Kolkata,156,75
52634,Kustia,Kolkata,79,27
58204,E M Bypass,Kolkata,246,13
51934,Bow Bazaar,Kolkata,94,54
54444,Dhakuria,Kolkata,167,27
67961,Airport,Kolkata,119,65
54473,Lake Gardens,Kolkata,129,65
79775,Paschim Putiary,Kolkata,30,67
110407,Dakshin Para,Kolkata,141,45
54484,Naktala,Kolkata,61,8
52089,Entally,Kolkata,112,45
60468,Durganagar,Kolkata,130,60
53817,Sant Nagar,Kolkata,99,74
53095,Hooghly Chinsurah,Kolkata,112,40
54530,Park Street,Kolkata,171,79
54393,Minto Park,Kolkata,90,52
79711,Sarsuna,Kolkata,33,66
56609,Behala Chowrasta,Kolkata,194,81
62899,Nimta,Kolkata,245,33
78088,Pancha Sayar,Kolkata,238,33
52655,Haibat Mau Mawaiya,Lucknow,241,31
52960,Makhdoompur Kaithi,Lucknow,8,70
52820,Eldeco II,Lucknow,30,13
72055,Sarojini Nagar,Lucknow,213,68
52991,Mohanlalganj,Lucknow,15,17
103410,Naubasta Kala,Lucknow,146,10
52124,Uattardhona,Lucknow,171,33
52221,Vrindavan Yojna,Lucknow,240,66
53663,Alambagh,Lucknow,214,49
52750,Chinhat,Lucknow,117,62
50378,Gomti Nagar,Lucknow,148,42
52224,Jankipuram,Lucknow,100,54
52763,Mubarakpur,Lucknow,145,79
103257,Hariharpur,Lucknow,29,73
68698,Arjunganj,Lucknow,46,15
52383,Indira Nagar,Lucknow,53,92
52914,Gosainganj,Lucknow,112,45
64885,Gomti Nagar Extension,Lucknow,73,83
53622,Neel Matha,Lucknow,22,89
52268,Sushant Golf City,Lucknow,142,98
53661,Bakkas,Lucknow,139,83
58441,Faizabad Road,Lucknow,144,25
62613,Bakhshi Ka Talab,Lucknow,120,71
53662,Madiyava,Lucknow,143,11
70496,Sultanpur Road,Lucknow,13,54
93717,Sector 18,Lucknow,232,97
59548,Jankipuram Extension,Lucknow,135,39
53426,Mohibullapur,Lucknow,234,4
58458,Sitapur Road,Lucknow,237,66
53650,Juggaur,Lucknow,209,79
53321,Gadia,Lucknow,51,72
52225,South City,Lucknow,46,49
50341,NH24B,Lucknow,65,82
52227,Hazratganj,Lucknow,206,44
52239,LDA Colony,Lucknow,96,26
164559,Mastemau,Lucknow,146,20
53649,Bargadi Magath,Lucknow,77,2
53307,Bagiamau,Lucknow,86,50
53021,Matiyari,Lucknow,19,58
52234,Vikas Nagar,Lucknow,161,61
52215,Aashiyana,Lucknow,136,67
52240,Jaitikhera,Lucknow,62,30
52251,Aliganj,Lucknow,65,66
52255,Butler Colony,Lucknow,17,8
60315,New Hyderabad,Lucknow,16,36
53308,Bijnor,Lucknow,18,85
78854,Anora Kala,Lucknow,212,22
89720,Kursi Road,Lucknow,129,22
78821,Transport Nagar,Lucknow,103,76
53658,Bharawamau,Lucknow,46,58
75598,Krishna Nagar,Lucknow,232,47
52320,Amethiasalempur,Lucknow,191,37
60072,IIM Road,Lucknow,147,18
60299,Deva Road,Lucknow,98,42
62332,gomti nagar extension,Lucknow,151,33
103666,Kalli Pashchim,Lucknow,141,70
93704,Chandralok,Lucknow,112,33
52313,Rajajipuram,Lucknow,152,63
53328,Itaunja,Lucknow,46,13
167661,Jamwasi,Lucknow,210,93
167342,Rahimabad,Lucknow,198,54
168269,Dalauna,Lucknow,38,55
50028,Malad West,Mumbai,29,93
50063,Thane West,Mumbai,165,23
51250,Bhiwandi,Mumbai,247,69
50426,Kamothe,Mumbai,41,29
51206,Titwala,Mumbai,190,16
74795,Diva,Mumbai,179,50
50021,Dahisar,Mumbai,184,35
50019,Virar,Mumbai,64,18
50033,Chembur,Mumbai,219,45
52178,Malad East,Mumbai,84,80
51576,Neral,Mumbai,110,42
52179,Kandivali West,Mumbai,69,59
51110,Taloja,Mumbai,135,49
50016,Powai,Mumbai,54,60
52730,Rasayani,Mumbai,137,73
50014,Kurla,Mumbai,45,29
51132,Dronagiri,Mumbai,220,13
51736,Borivali East,Mumbai,59,83
51730,Badlapur West,Mumbai,110,2
51728,Ambernath East,Mumbai,223,41
50017,Vikhroli,Mumbai,30,66
50006,Panvel,Mumbai,100,50
50331,Mahim,Mumbai,93,11
51870,Fort,Mumbai,102,2
50030,Dombivali,Mumbai,84,35
51111,Palghar,Mumbai,238,6
50026,Jogeshwari West,Mumbai,218,7
50003,Kharghar,Mumbai,113,78
51128,Shil Phata,Mumbai,202,60
50015,Mulund West,Mumbai,125,13
50325,Santacruz East,Mumbai,70,29
50023,Andheri West,Mumbai,126,53
50348,Vasai,Mumbai,226,41
52497,Vangani,Mumbai,120,24
50037,Mazagaon,Mumbai,97,90
51199,Khopoli,Mumbai,137,15
51185,Karjat,Mumbai,86,94
51725,Goregaon East,Mumbai,29,23
50022,Andheri East,Mumbai,145,7
50031,Kalyan West,Mumbai,164,12
51732,Kalyan East,Mumbai,229,60
51484,Shahapur,Mumbai,132,79
52732,Umroli,Mumbai,249,15
50412,Ulwe,Mumbai,108,56
51729,Badlapur East,Mumbai,211,10
50024,Borivali West,Mumbai,66,67
51275,Karanjade,Mumbai,131,40
50013,Kanjurmarg,Mumbai,133,35
98237,Anjurdive,Mumbai,153,71
51570,Bhayandar West,Mumbai,236,15
51177,Sion,Mumbai,193,83
50327,Santacruz West,Mumbai,8,45
103920,Kamathipura,Mumbai,101,69
51184,Nala Sopara,Mumbai,157,100
51735,Mira Road East,Mumbai,198,26
51737,Jogeshwari East,Mumbai,195,46
50011,Ghatkopar West,Mumbai,123,52
50326,Bandra West,Mumbai,226,35
57167,Kalwa,Mumbai,38,38
51131,Navade,Mumbai,14,97
50262,Airoli,Mumbai,131,64
50044,Dadar East,Mumbai,96,65
51209,Bhayandar East,Mumbai,28,48
50004,Koper Khairane,Mumbai,20,61
50007,Sanpada,Mumbai,182,88
50025,Goregaon West,Mumbai,125,57
171665,Dundare,Mumbai,223,33
50009,Bhandup West,Mumbai,172,92
51179,Seawoods,Mumbai,46,26
50027,Kandivali East,Mumbai,84,90
50034,Sewri,Mumbai,208,97
51738,Ghatkopar East,Mumbai,32,32
134727,Palava,Mumbai,216,73
51630,Vasind,Mumbai,112,62
50035,Wadala,Mumbai,233,98
50002,Kalamboli,Mumbai,61,20
60310,Vichumbe,Mumbai,237,83
50043,Dadar West,Mumbai,85,3
56046,Nalasopara East,Mumbai,26,64
50032,Ambernath West,Mumbai,43,64
50038,Prabhadevi,Mumbai,46,2
50354,Byculla,Mumbai,31,69
50036,Deonar,Mumbai,12,48
104684,Juna Palghar,Mumbai,8,49
50039,Lower Parel,Mumbai,247,50
50045,Napeansea Road,Mumbai,236,31
56146,Ambarnath,Mumbai,242,51
50357,Matunga,Mumbai,83,98
50020,Boisar,Mumbai,97,14
51191,Ghansoli,Mumbai,46,14
51197,Kewale,Mumbai,123,58
103971,Nilje Gaon,Mumbai,104,46
68661,Ulhasnagar,Mumbai,222,72
62106,Naigaon East,Mumbai,205,6
50042,Parel,Mumbai,153,65
56102,Mazgaon,Mumbai,94,89
52672,Agripada,Mumbai,157,91
60581,Khar West,Mumbai,187,66
50328,Khar,Mumbai,247,67
104145,Madanpura,Mumbai,210,100
56065,Kanjurmarg East,Mumbai,8,61
51739,Mulund East,Mumbai,26,92
50324,Bandra East,Mumbai,152,14
72879,vile parle west,Mumbai,95,46
80916,Belavali,Mumbai,208,37
56574,Rabale,Mumbai,237,85
104305,Usarghar Gaon,Mumbai,200,53
161435,Kasheli,Mumbai,134,10
51623,Thane East,Mumbai,26,91
58708,Vasai east,Mumbai,173,52
86699,Nahur East,Mumbai,52,5
60047,Virar West,Mumbai,90,46
51895,Saphale,Mumbai,221,32
50001,Belapur,Mumbai,133,84
50008,Vashi,Mumbai,223,11
50005,Nerul,Mumbai,149,15
103889,Greater Khanda,Mumbai,163,64
53430,Khardi,Mumbai,237,89
50012,Govandi,Mumbai,39,13
67521,Vasai West,Mumbai,216,4
80878,Sector 17 Ulwe,Mumbai,184,68
81294,Sector 19 Kamothe,Mumbai,157,23
50356,Girgaon,Mumbai,147,73
51534,Ambivali,Mumbai,117,13
50329,Juhu,Mumbai,160,28
75545,kasaradavali thane west,Mumbai,149,37
50046,Worli,Mumbai,119,73
50047,Mahalaxmi,Mumbai,96,35
52731,Koproli,Mumbai,193,36
57192,Dahisar West,Mumbai,51,28
80906,Sector-12 Kamothe,Mumbai,180,84
51475,Mumbra,Mumbai,156,60
81024,Sector 21 Kamothe,Mumbai,53,48
104163,Vevoor,Mumbai,156,52
81571,Sector 22 Kamothe,Mumbai,219,69
50040,Colaba,Mumbai,92,6
103894,Taloje,Mumbai,146,62
52071,Bandra Kurla Complex,Mumbai,124,60
66344,mumbai,Mumbai,223,90
51733,Bhandup East,Mumbai,165,53
62164,Virar East,Mumbai,63,60
125439,Navghar,Mumbai,196,83
82172,Sector 15 Kalamboli,Mumbai,37,12
50330,Ville Parle West,Mumbai,232,38
51731,Dombivali East,Mumbai,119,18
60068,Vikroli East,Mumbai,213,17
80926,Sector 23 Ulwe,Mumbai,129,78
81793,Sector-14 Koparkhairane,Mumbai,208,18
50333,Ville Parle East,Mumbai,55,46
51233,Asangaon,Mumbai,173,64
80893,Sector-9 Ulwe,Mumbai,117,98
56577,Hiranandani Estates,Mumbai,71,65
50232,Badlapur,Mumbai,95,94
81570,Dombivli (West),Mumbai,167,41
57191,Dahisar East,Mumbai,150,65
65311,Nalasopara West,Mumbai,250,9
62477,Kurla East,Mumbai,56,33
81392,Sector 30 Kharghar,Mumbai,56,38
81756,Sector 6 Kamothe,Mumbai,94,85
81382,Sector 20 Kamothe,Mumbai,247,7
51665,Marine Lines,Mumbai,126,6
56094,Cuffe Parade,Mumbai,126,66
81115,Owale,Mumbai,121,3
50353,Tardeo,Mumbai,50,49
63895,Kurla West,Mumbai,41,10
66452,Andheri,Mumbai,193,2
105116,Cumballa Hill,Mumbai,163,62
77970,Sahkar Nagar,Mumbai,237,31
51575,Wada,Mumbai,80,66
105638,Agasan Village,Mumbai,34,71
51135,Babulnath Road,Mumbai,40,74
52163,Warai,Mumbai,139,20
106544,,Mumbai,87,87
56087,Uran,Mumbai,243,49
57165,Kalher,Mumbai,55,10
63283,MATUNGA WEST,Mumbai,116,22
73448,Borivali,Mumbai,145,20
81566,Manjarli,Mumbai,112,37
57176,Patlipada,Mumbai,25,36
81141,Sector 11 Koparkhairane,Mumbai,132,50
81194,Sector 18 Kharghar,Mumbai,66,51
52139,Mumbai Central,Mumbai,75,49
81116,Sector-13 Kharghar,Mumbai,211,14
58705,Ghodbunder thane west,Mumbai,159,28
81991,Adaigaon,Mumbai,149,69
50010,Chandivali,Mumbai,177,64
69547,Thakurli,Mumbai,149,21
50060,Ghodbunder Road,Mumbai,75,96
56041,Mahavir Nagar,Mumbai,155,20
56052,Shanti Nagar,Mumbai,11,62
50435,Saki Naka,Mumbai,203,11
81068,Sector 15 Kharghar,Mumbai,177,25
80997,Sector 7 Kharghar,Mumbai,153,78
107835,Rayani Gram,Mumbai,79,35
65720,khadakpada,Mumbai,13,92
81122,Sector 21 Kharghar,Mumbai,214,51
61223,kandivali,Mumbai,243,23
51621,Pen,Mumbai,181,76
58780,Khanda Colony,Mumbai,245,11
81020,Sector 12 Kharghar,Mumbai,156,38
50065,Manpada,Mumbai,215,74
81216,Gauripada,Mumbai,87,4
81948,Gandhar Nagar,Mumbai,166,83
56077,Tilak Nagar,Mumbai,110,89
51154,Peddar Road,Mumbai,199,85
50258,Jacob Circle,Mumbai,225,6
51785,Uttan,Mumbai,54,28
52673,Dharavi,Mumbai,37,58
110394,Takka Colony,Mumbai,49,44
163161,Kelve,Mumbai,125,59
81763,Wavanje,Mumbai,167,80
105287,Khatiwali,Mumbai,102,67
104040,Desale Pada,Mumbai,118,61
61747,Mulund,Mumbai,42,58
